{"_id": 1, "difficulty": "medium", "random": 0.584961330195124}
{"_id": 2, "difficulty": "hard", "random": 0.4488282088192509}
{"_id": 3, "difficulty": "hard", "random": 0.2056515144774722}
{"_id": 4, "difficulty": "hard", "random": 0.8138098150382271}
{"_id": 5, "difficulty": "medium", "random": 0.7471944427808445}
{"_id": 6, "difficulty": "hard", "random": 0.37272418548354636}
{"_id": 7, "difficulty": "hard", "random": 0.437357440637136}
{"_id": 8, "difficulty": "easy", "random": 0.4815645404626143}
{"_id": 9, "difficulty": "medium", "random": 0.0033765693713021516}
{"_id": 10, "difficulty": "hard", "random": 0.4011805620547134}
